date,CaseID,Outcome,isRezoning,TaxIDs
2018-01-24,18RW0147,Deferred,FALSE,#735-725-6651
2018-01-24,18SN0551,Approved,FALSE,"778-651-3488,3787,3873,3987,4173,4188,4374,4388,4574,4588,4774,4888,5074,5294,5474,5496,5598,5774,5799,5974,6175,6375,6575,7075,7375,7575,7776,7976,8176,8677,8699,8795,8797,8892,8978,9178,and9479,and778-652-5800,6002,6306,6508,6709,6810,7012,8221,8224,8317,8319,8405,8411,8413,8415,8501,and8502"
2018-01-24,18SN0530,Approved,TRUE,791-656-2142
2018-01-24,18SN0611,Approved,FALSE,790-678-8499
2018-01-24,18SN0625,Approved,FALSE,768-659-4257
2017-01-25,16SN0704,Deferred,TRUE,731-689-5633;731-691-Partof3176;732-688-0178and732-689-5376
2017-01-25,17SN0603,Deferred,FALSE,"751-706-3789,751-707-1228and4548"
2017-01-25,17SN0540,Approved,FALSE,714-687-Partof3343
2017-01-25,17SN0597,Approved,FALSE,799-655-4194;799-657-3802;799-658-Partof6575;and800-656-5991
2017-01-25,17SN0607,Approved,FALSE,739-711-9206and9230
2017-01-25,17SN0608,Approved,FALSE,743-684-7608
2017-01-25,17SN0614,Approved,FALSE,765-697-9555
2017-02-22,15SN0656,Deferred,TRUE,"724-709-1313,2311,2528,4210,5831,6911,9121;725-709-1125,2064and7635"
2017-02-22,15SN0656,Deferred,TRUE,730-663-3520
2017-02-22,17RW0180,Approved,FALSE,785-655-7290
2017-02-22,13SN0525,Approved,FALSE,"713-693-8372;714-694-2789,3374,4972,5869,6187,6664,7897,9074,9168,9443,9462and9591;714-695-2503,3027,6544,6719,7232,8414and9924;715-694-1243,1386,2183,2465,3041,3081,3363,3799,3978,4740,4776,5637,7069,7434,7652,8163,8186,8450,8825and9184;715-695-0832,1007,2004,2117,2442,2901,4635,5188,5460,6264,6444,7148and7953;716-694-1261;716-695-0187,1093,2079,2099and3081;716-696-3003"
2017-02-22,17SN0594,Approved,FALSE,"764-641-7720;765-641-6256,6636,8833,9074and9724;766-639-7996,8684,9170,9353and9935;766-640-2196,2987,3779,4169,7789,8875and9863;766-641-0515,1407,1973,3451,4739,5420,6404,6776,7236,8912and9768;766-642-5904;767-639-1547,2955,4398,4565,5590and6575;767-640-0646,1436,1690,2127,2783,2817,3507,3767,4658,5549,6341,7131,7817,8092,8800,8985and9977;767-641-0500,0854,1644,2537,4027,5516and7101;768-640-0420,0870,2033,2463and3018"
2017-02-22,17SN0616,Approved,FALSE,800-632-3167
2017-02-22,17SN0619,Deferred,FALSE,726-707-2550
2017-02-22,17SN0688,Approved,FALSE,720-668-8155and720-669-Partof8248
2017-02-22,17SN0742,Approved,FALSE,797-656-3684and797-657-2314
2017-02-22,17SN0742,Approved,FALSE,805-639-9731
2017-02-22,17SN0603,Approved,FALSE,"751-706-3789,751-707-1228and4548"
2017-02-22,17SN0587,Approved,FALSE,726-667-9968and727-667-3876
2017-02-22,17SN0617,Approved,FALSE,736-721-7471
2017-02-22,17SN0704,Approved,TRUE,731-689-5633;731-691-Partof3176;732-688-0178and732-689-5376
2018-02-28,17SN0827,Deferred,TRUE,791-636-4209
2018-02-28,17SN0828,Deferred,TRUE,792-633-4486
2018-02-28,18SN0120,Deferred,FALSE,797-630-2478
2018-02-28,18SN0520,Approved,TRUE,"770-662-6106,7116,and8904"
2018-02-28,18SN0527,Approved,FALSE,717-708-3867
2018-02-28,18SN0545,Approved,FALSE,737-680-8871
2018-02-28,18SN0578,Approved,FALSE,725-709-5083
2018-02-28,18SN0609,Approved,FALSE,"713-696-3499,5368,and6385,713-697-6644,7001,7867,8018,8696,and9140,713-698-9926,714-697-0169and0888,714-698-0744,1359,1606,2725,3849,4670and5487,and714-699-3715,3947,4329,4763,6567,7110,8431,8651,and9858"
2018-02-28,18SN0621,Approved,FALSE,742-684-8825
2018-02-28,18SN0623,Approved,FALSE,"823-660-8580and824-660-0279,2079,3778and5677"
2018-02-28,18SN0626,Approved,FALSE,791-620-1242
2018-02-28,18SN0627,Approved,FALSE,827-660-partof9058and827-661partof8322
2018-02-28,18SN0659,Approved,FALSE,760-705-7290and7580
2018-02-28,18SN0725,Approved,FALSE,764-705-7343
2018-02-28,17SN0791,Approved,FALSE,743-713-2283and743-714-2219
2018-02-28,18SN0624,Approved,FALSE,807-650-0228
2018-02-28,18SN0628,Approved,TRUE,764-684-partof8175
2017-03-15,17SN0619,Deferred,FALSE,726-707-2550
2017-03-15,13SN0132,Deferred,FALSE,"770-677-2778,4773and9777;770-678-8131;771-676-9014;771-677-1084,1088,1194,1299,1474,1681,1685,1790,1896,2275,2368,2585,2674,2766,2779,2994,3085,3179,3273,3366,3484,3771,3778,3865,3898,4083,4091,4177,4397,4491,4582and4897;771-678-1303and1900;772-676-2999;and772-677-3568"
2017-03-15,17SN0557,Deferred,FALSE,"708-663-6796;709-663-2165;709-664-5765;710-662-3361;710-663-4184;711-662-0823,1313,1334,2236,2515,2659,2749,3238,3619,4652,4661,4670,4879,4943,5087,5134,5295and5325;711-663-1493,1684,1975,2203,2467,3060,3695,3787,4180,4672,5504and5923;711-644-1403,1512,2031,2540,3411,3620,3643,4441and8760;712-660-3954;712-661-6352;712-663-7727;712-664-0867,2310,3384,3971,4461,5491,6544,6564,7443,7898,8444,8678and9345;712-665-7134,7207,9321and9802;713-662-9633;713-663-2879;713-664-8659;713-665-2496;714-663-2995,6376,7172,7592,8269,8789and9597;714-664-4336,4722,5350,5459,5819,5870,6921,7775,7857,7865,8000,8096,8248,8410,8739,8930and9552;715-662-0772;715-663-0175,1364,1391,2074,2582,2891,3199,3554,4064,4381,4892,5277,5749,6090,6172,6646,6969,7084,7543,7861,7891,8270,8887,8939,9295,9657and9838;715-664-0016,0144,0425,1431,1467,1908,2416,3023,3508,3839,4269,4359,4535,5301,5329,5351,5671,6251,6669,6716,7041,7352,7569,7632,8103,8471,8528,8955,9475,9536,9811,9857,9946;and715-665-6372;716-661-0756;716-663-0475,0685,0839,1060,1739,2063,2739,3160,3191,3547,4195,4472,4551,4580,4641,4662,5188,5498,6859,7068,7277,7286and7296,716-664-0320,0378,0759,0827,1236,1279,1404,1643,1661,2151,2181,2200,2518,2563,2926,3434,3615,3842,4080,4152,4272,4362,4508,5609,5719,6028,6337,6745,7153,7405,7513,7822,7968,8130,8438,8746,8773,9576and9656;717-663-5056;717-664-0382,0560,0988,1365,1396,2170,2678,3187and3497;717-665-1084,1223,1305,1314,3009,3325,3908,4434,4906,5529,5809,6322and2174;and719-666-1003"
2017-03-15,17SN0750,Deferred,FALSE,781-653-Partof1943
2017-03-15,16SN0586,Approved,TRUE,742-704-8328and743-704-2008
2017-03-15,17SN0501,Approved,TRUE,"825-659-partof8564;825-660-0557,8113,9664;827-660-0241and9938"
2017-03-15,17SN0715,Approved,FALSE,"711-671-8511,712-670-4080,712-671-8544,713-671-2000,2263,3192,4107,5239and7780"
2017-03-15,17SN0743,Approved,TRUE,782-610-2735
2017-03-15,17SN0755,Approved,FALSE,757-697-6279
2017-03-15,17SN0760,Approved,FALSE,725-709-5083
2017-03-15,17SN0761,Approved,TRUE,741-713-Partof6369
2017-03-15,17SN0765,Approved,FALSE,766-670-4843
2017-03-15,17SN0600,Approved,FALSE,743-716-7764
2017-03-15,17SN0615,Approved,TRUE,753-677-8598and755-677-2504
2017-03-15,17SN0745,Approved,FALSE,800-632-1038
2017-04-26,15SN0656,Deferred,TRUE,"724-709-1313,2311,2528,4210,5831,6911,9121;725-709-1125,2064and7635"
2017-04-26,17SN0515,Deferred,FALSE,730-663-3520
2017-04-26,17SN0557,Approved,FALSE,"708-663-6796;709-663-2165;709-664-5765;710-662-3361;710-663-4184;711-662-0823,1313,1334,2236,2515,2659,2749,3238,3619,4652,4661,4670,4879,4943,5087,5134,5295and5325;711-663-1493,1684,1975,2203,2467,3060,3695,3787,4180,4672,5504and5923;711-644-1403,1512,2031,2540,3411,3620,3643and4441;712-660-3954;712-661-6352;712-663-7727;712-664-0867,2310,3384,3971,4461,5491,6544,6564,7443,7898,8444,8678and9345;712-665-7134,7207,9321and9802;713-662-9633;713-663-2879;713-664-8659;713-665-2496;714-663-2995,6376,7172,7592,8269,8789and9597;714-664-4336,4722,5350,5459,5870,7775,7857,7865,8000,8096,8410,8739,and8930;715-662-0772;715-663-0175,1364,1391,2074,2582,2891,3199,3554,4064,4381,4892,5277,5749,6090,6172,6646,6969,7084,7543,7861,7891,8270,8887,8939,9295,9657and9838;715-664-0016,0144,0425,1431,1467,1908,2416,3023,3508,3839,4269,4359,4535,5301,5329,5351,5671,6251,6669,6716,7041,7352,7569,7632,8103,8471,8528,8955,9475,9536,9811,9857,9946;and715-665-6372;716-661-0756;716-663-0475,0685,0839,1060,1739,2063,2739,3160,3191,3547,4195,4472,4551,4580,4641,4662,5188,5498,6859,7068,7277,7286and7296,716-664-0320,0378,0759,0827,1236,1279,1404,1643,1661,2151,2181,2200,2518,2563,2926,3434,3615,3842,4080,4152,4272,4362,4508,5609,5719,6028,6337,6745,7405,7513,7822,7968,8130,8438,8746,8773,9576and9656;717-663-5056;717-664-0382,0560,0988,1365,1396,2170,2678,3187and3497;717-665-1084,1223,1305,1314,3009,3325,3908,4434,4906,5529,5809,6322and2174;and719-666-1003"
2017-04-26,17SN0750,Approved,FALSE,781-653-Partof1943
2017-04-26,16SN0684,Approved,FALSE,"784-675-1052,7571,7664,7678,7756,7786,7952,7993and8299;784-676-3731,4223,4783,5172,5220,5922,6620,7319,7917,8533,8606,8616,8844,8961,9314and9443;784-677-4902;785-675-1969and2669;785-676-2890,3117,3220,3222,3324and3327;785-677-3236,3310,3658and4240and786-675-0497"
2017-04-26,16SN0691,Approved,FALSE,"711-671-8840;712-671-5171;712-672-3060;713-672-0706,1167and5982;713-673-1820"
2017-04-26,17HP0123,Approved,FALSE,700-641-5002
2017-04-26,17HP0124,Approved,FALSE,716-650-2544
2017-04-26,17SN0562,Approved,FALSE,"746-699-8830;747-699-0340,0744,1248,1750,2453and4454"
2017-04-26,17SN5098,Approved,FALSE,"822-661-3043;822-662-6625,7732and8838;823-660-1465,2793,8580and8892;823-661-0310,0653,2779,3490,5194,5418,6422,7226,7971,8130,8701,8711and8934;823-662-5888and8124;824-660-0191,0279,2079,2390,3689,3778,3898,5677,5796and5887;824-661-0060,0200,0309,1492,1627,2018,2833,2953,3225,3807,3817,4642,4661,5034,5268,5526,5776,5805,5849,7263and8171;824-662-1480,2105and2686;824-663-2711,4117and7331;825-660-9979;825-661-6811;825-662-7891and9097;825-663-0139and7439;826-661-Partof3992and8420;826-662-5899;826-663-1603,3002and4301;and827-662-6147"
2017-04-26,17SN0726,Approved,FALSE,797-651-8448
2017-04-26,17SN0737,Approved,FALSE,728-725-Partof6105
2017-04-26,17SN0738,Approved,FALSE,686-665-2775
2017-04-26,17SN0739,Approved,FALSE,782-617-2204
2017-04-26,17SN0740,Approved,FALSE,767-680-0720
2017-04-26,17SN0741,Approved,FALSE,701-686-Partof3250
2017-04-26,17SN0744,Approved,FALSE,782-683-5765
2017-04-26,17SN0751,Approved,FALSE,776-671-9866;777-671-1902and6199;778-671-2430;and778-672-0924
2017-04-26,17SN0764,Approved,FALSE,805-637-0272-1912
2017-04-26,17SN0768,Approved,FALSE,"724-672-4999,5692,6385,7382and8479;and724-673-4105,5523,6138,6420,7213,7806and8805"
2017-04-26,17SN0769,Approved,FALSE,794-657-7210and8115
2017-04-26,17SN0752,Approved,FALSE,777-674-Partof4696
2017-05-24,13SN0132,Approved,FALSE,"770-677-2778,4773and9777;770-678-8131;771-676-9014;771-677-1084,1088,1194,1299,1474,1681,1685,1790,1896,2275,2368,2585,2674,2766,2779,2994,3085,3179,3273,3366,3484,3771,3778,3865,3898,4083,4091,4177,4397,4491,4582and4897;771-678-1303and1900;772-676-2999;and772-677-3568"
2017-05-24,17SN0619,Approved,FALSE,"726-707-0625,0924,0938,1124,1237,1248,1323,1437,1548,1636,1668,1723,1747,1836,1947,1967,1979,2022,2035,2167,2179,2222,2367,2378,2422,2451,2566,2578,2622,2653,2737,2754,2766,2777,2822,2856,2939,2977,3040,3049,3058,3065,3142,3276,3344,3425,3527,3547,3575,3728,3749,3829,3851,3875,3953,4031,4074,4132,4257,4274,4334,4359,4373,4461,4464,4538,4573,4640,4741,4872,4943,5045,5133,5146,5248,5553,5655,5657,5759,5761,5863and5966"
2017-05-24,17SN0602,Approved,TRUE,727-673-1442
2017-05-24,17SN0746,Approved,FALSE,"774-678-7696,7787,7978,8069,8260,8552,9044,9235,9426,9693,9717and9985;774-679-7237,7249,7417,7427,7506,8252,9221,9302,9312,9330,9348and9639;775-677-0299,0490,0581,0758,2445,2864,2892,3073and3083;775-678-0008,0276,0467,0759,1249,1530,2019,2310,2432and2601"
2017-05-24,17SN0747,Approved,FALSE,"742-674-9640;743-675-1352;744-676-1868,6171,6652,6976,6997,7582,7652,8159,8288,8766,8894,9373and9456;744-677-7606and9408;745-676-0182,0252,0270,1597,1753,1878,1888,2069,2359;745-677-0309,1313,2217and2807"
2017-05-24,17SN0749,Approved,FALSE,703-678-9275and705-680-3057
2017-05-24,17SN0754,Approved,FALSE,735-668-8764and736-669-2513
2017-05-24,17SN0757,Approved,FALSE,708-680-5365
2017-05-24,17SN0758,Approved,FALSE,"706-681-4350,4968,5866,6278,6663,7176,7393,7441,7560,7973,8458,8870,8990,9255,9867and9886;706-682-8923and9801;707-681-0352,0784,0798,0964,2061and2578;707-682-0616,2510and5036;707-683-Partof9836;708-681-1902and9258"
2017-05-24,17SN0762,Approved,FALSE,757-696-7547and8070;and758-696-3777
2017-05-24,17SN0766,Approved,FALSE,753-684-Partof4148;755-683-7406;756-683-5406;757-682-0789and3089;757-683-1431and1912
2017-05-24,17SN0770,Approved,FALSE,"780-627-1664;781-627-6398;781-628-1152,2815and8261;781-629-6530and7446;782-628-0047and0285;782-629-0119,1232,1291,2348,3264,4277and5389"
2017-05-24,17SN0774,Approved,FALSE,"724-710-7752,9496and9896;725-710-0295,0695,1095,1494,1894,1979,2270,2278,2294,2366,2368,2462,2464,2478,2560,2654,2657,2678,2693,2750,2752,2846,2848,2878,3037,3093,3135,3177,3233,3329,3331,3364,3427,3554,3652,3749,3940,3993,4038,4136,4232,4234,4330,5687,5784,5880,5976,6072,6168,6264,6360,6456,6553and6748"
2017-05-24,17SN0775,Approved,FALSE,"742-699-8379,9299and9976;742-700-9608;743-699-1282,1593,3689,4692,5594and6496;743-700-0117,1321,1701,2631,3735,3909,4341,4948,5223,5356,5929,6537,6720,6980,7365,7635,7811,8152and9152;744-700-0052,0951,1851,2751and3650"
2017-05-24,17SN0777,Approved,FALSE,"722-656-Partof4899and8576,722-658-Partof3004,8189,8477,8668and9649,723-657-2696and4487,723-658-0535,1205,1228,1377,2250,3414,3801,5619and6401and724-657-0182"
2017-05-24,17SN0781,Approved,FALSE,"744-681-3525,4116and5414"
2017-05-24,17SN0782,Approved,FALSE,784-629-5119;785-627-7187;785-628-6613and7466;and785-629-8607;and786-628-0481
2017-05-24,17SN0788,Approved,FALSE,"812-647-3397and5084;812-648-1413,1855,2304,4148,5859and8097;813-648-0548,1336,1354,2241,2359,2988,3047,3165,3623,3954,3971,4599,4759,4976,5137,5682,5942,7377,8032,8222,8559and9398;813-649-8872and9666;and814-648-0268,1193,1764,1943,1954,3097,3186,3377,3466,3657,3947,4236and1004"
2017-05-24,17SN0789,Approved,FALSE,"735-670-5739,6719and9713"
2017-05-24,17SN0790,Approved,FALSE,"717-714-5888;718-713-3099,3184,3477,3563,3570,3855,4249,4643,4889,4982,5036,5275,5369,5462,5630,5655,5886,5919,6048,6429,6644,6764,6771,6777,6785,7299,7811,8038,8146,8484and8568;and718-714-0248,3601,4303,5005,5803and6501"
2017-06-28,17SN0515,Deferred,FALSE,730-663-3520
2017-06-28,15SN0656,Deferred,TRUE,"724-709-1313,2311,2528,4210,5831,6911and9121;725-709-1125,2064and7635"
2017-06-28,17SN0786,Deferred,FALSE,731-669-3644
2017-06-28,17SN0131,Approved,FALSE,796-659-9898
2017-06-28,17SN0748,Approved,FALSE,755-622-8531and756-620-2777
2017-06-28,17SN0756,Approved,FALSE,824-648-6539and826-648-3681
2017-06-28,17SN0759,Approved,FALSE,747-681-7089;747-682-7022and8276;and748-681-0499
2017-06-28,17SN0772,Approved,FALSE,"731leclo(thiCae10SN0176)ng-relativetohoue17SN0772AMENDED)InCloverHillMagiterialDitrict,requetofApprovedwithAmberleigh,LLCforamendmentofzoningapproval(Cae01SN0120profferedand07SN0365)toamendcahprofferandamendmentofzoningconditionditrictmapinaTownhoueReidential(R-TH)Ditricton19"
2017-06-28,17SN0778,Approved,FALSE,740-668-4012
2017-06-28,17SN0783,Approved,TRUE,"712-689-7324,8374;and712-690-5647"
2017-06-28,17SN0800,Approved,FALSE,728-673-8137and8740
2017-06-28,17SN0776,Approved,FALSE,"708-696-9203,9414and9524;708-697-2334,7781,8891,9513and9599;708-698-0314,0426,1035,1644,2353,2920,3129,3358,3638,4359,5192,5461,7261,7595,8013,8424,8533,8643and9563;708-699-3540,3931,4222,4712,5102,5642,6033,6424,6815,7205,8803and9801;709-695-1693,2875,3363,3487,3998,4454,5449,5488,5577,6738,6771,7086,7938,8069,8359and8383;709-696-0035,0275,0645,1354,2006,2115,2324,2360,2832,3538,3563,4210,4322,4568,4947,5638,5666,5705,6127,6217,7305,8504and9827;709-697-0510,2501and5718;709-698-0008,0518,0728,0738,5980,9179and9853;710-695-0174,0236,0889,2342,3481,3692,4742,5794,7899,8416,8736,8846,9109,9885and9996;710-696-0801,1187,1596,3802,4073,4215,445,45903,6113,7429,7946,8326and8843;710-697-0939and1406;710-698-0770,2167,4843,5353,6745and8869;711-695-0115,0235,0345,1174,,29353055and4083;711-696-0835,1417and3915;711-697-9618;712-695-0532,0572,0846,1261,1490,3014,3254,3292,5339,5775,6548,7688,7857and9267;712-696-0731,1289,1938,2313,3141,3419,3765,4144,4321,5350,5420,5737,6358,6403,6495,6621,6676,7557,7943,8223,8473,9051,9304and9369;712-697-4211and7964;713-695-1176,3186and4795;713-696-0133,0162,0893,0941,1649,1883,1917,2355,2924,3463,3932,4938and6307;and713-697-0721"
2017-06-28,17SN0797,Approved,FALSE,"783-654-9338;784-653-3694;784-654-5053,5979,6781,6884,6886,6988,7091,8765,9199and9698;784-655-8701and9604"
2017-06-28,17SN0779,Approved,FALSE,758-706-1145
2017-06-28,17SN0795,Approved,FALSE,747-676-7726
2017-07-26,17SN0786,Approved,FALSE,731-669-3644
2017-07-26,13SN0529,Approved,FALSE,717-696-8834
2017-07-26,16SN0714,Approved,FALSE,"780-670-6772;780-671-1301,2751and8852"
2017-07-26,17SN0133,Approved,FALSE,796-659-8191
2017-07-26,17SN0548,Approved,FALSE,"740-687-7854and9859;741-687-3984,4499,5168,5888,6298,7394and9176;741-688-1770,2402,and4541;741-689-2305,2813,3520,5592,6911,and6922;741-690-3280,4173,6146,6565,8338and9330;and742-687-0250,and0858"
2017-07-26,17SN0780,Approved,FALSE,"782-611-8184,9285and9556;783-611-0987,1077,1460,2179,2496,2688,4194,4351,4958,5599,5691and5782;and783-612-0475,1423,2014,2205,2251,3055,3564,3623,3814,5226,5235,5354,5409,6731,6740,6949,6959,7014and7204"
2017-07-26,17SN0787,Approved,FALSE,"759-677-4657,4878,7452and9351;759-678-9008;760-677-2053,2072,2975,3787,3857,5655,6790,7572,7653,7788and8683;760-678-0206,2003and9405;and761-677-0395"
2017-07-26,17SN0801,Approved,FALSE,768-695-5303and5618
2017-07-26,17SN0803,Approved,FALSE,"717-671-5461,5767,6172,6478,6662,6684,6968,6989,7273,7579,7885,and8098;718-671-4195,4389,4683,4877,5055,5162,5171,5192,5486and5680;and718-672-0834,1432,2131,2730,3328,3927,4004,4212,4526,4702,4811,5124,5301,5410,5823,5900,6108and6422"
2017-07-26,17SN0808,Approved,FALSE,773-658-5163
2017-07-26,17SN0812,Approved,FALSE,804-653-5649
2017-07-26,15SN0656,Approved,TRUE,"724-709-1313,2311,2528,4210,5831,6911and9121;725-709-1125,2064and7635"
2017-07-26,17SN0601,Denied,FALSE,668-662-2458
2017-07-26,17SN0794,Approved,TRUE,779-654-8629and780-654-3863
2017-08-23,17SN0515,Deferred,FALSE,730-663-3520
2017-08-23,17SN0606,Approved,TRUE,"823-659-3856,6573and9483;823-660-4049;824-659-2386,5689and8890"
2017-08-23,17SN0804,Approved,FALSE,"709-672-6298,6777,7873,8493,8770and9667;709-673-7300,8909and8942;710-672-0493,1213and1262;710-673-1745and2081;710-676-5404and8302;711-674-6374;and711-675-2045,3364,4561,5614,5658,5725,5936,6855,7806,7832and7921"
2017-08-23,17SN0804,Approved,FALSE,731SuburbanReiwillbecontrolledbyzoningconditionorordinancetandard
2017-08-23,17SN0806,Approved,TRUE,787-654-9648and788-654-0240
2017-08-23,17SN0810,Approved,FALSE,740-707-4248
2017-08-23,17SN0817,Approved,FALSE,789-635-6055and6921
2017-08-23,17SN0818,Approved,FALSE,729-692-8021
2017-08-23,17SN0522,Approved,FALSE,"723-656-6642;724-662-5199,6286,6475,6964,8060,8889,9058,9481and9754;724-663-6802,8008,8903and9905;725-661-1086,1178,1574,1996,2670,3192,3765,5064,5772,6280,7086,7767and8498;725-662-0145,0192,0770,1130,1411,1477,1662,1724,1852,1984,2491,2607,2842,3151,3260,3469,3677,3709,4084,4220,4534,4843,5152,5214,5300,5360,5569,5878,6187,6198,6214,6230,6303,6539,6758,7369,8207,8523and8760;725-663-0611,1612,2512,3514,4815and5709;726-658-6384,7382,7999,8281and9382;726-659-7718,7808,9215,9225and9306;726-660-8988and8998;726-661-0381,0760,1177,1757,2074and2955;726-662-0009;727-659-1105,1714and1723;727-661-0606and2807;728-660-6891and8598;728-661-1613,1923,2066,2572,2725,3176,3503,3637,3780,3913,3963,4232,4666,5054,5368,5758,5785,6169,6433,6658,6869,7029,7143,7668,7732,7785,8337,8385,8451,8564,8572,8618,9086,9123,9203,9528,9687,and9949;729-660-0489,and0895;729-661-0133,0173,0312,0358,0365,0717,0749,0932,1446,1704,1757,2109,2243,2461,2492,2515,2821,3127,3194,3561,3739,3946,4255,4373and4585"
2017-08-23,17SN0592,Approved,FALSE,"760-618-9862;761-617-5745;762-616-3473;762-618-7458;763-616-9147;764-617-4550;766-616-8203;766-6184335;767-617-2600and8276;767-619-5626and7931;768-617-9663;768-619-0903;769-616-5571;769-617-2708,7874and9607;769-618-9478;770-617-2262"
2017-08-23,17SN0793,Approved,TRUE,"736-709-2037,2101,2864and4321"
2017-08-23,17SN0802,Approved,FALSE,717-712-Partof0232
2017-08-23,17SN0805,Approved,FALSE,"717-716-5691,6281,6673,6860,7449,7938,8190,8227,8415,9085and9676;717-717-0781,4025,4410,5001,6522,7210,8312and9608;718-715-0071and0888;718-716-0245,0365,1301,1355,1591,1811,2029,2281,2838,2973and3449;and718-717-0602"
2017-09-27,17SN0559,Approved,TRUE,716-659-Partof1987
2017-09-27,17SN0809,Approved,FALSE,752-698-3368
2017-09-27,17SN0824,Approved,FALSE,"716-681-7692and8991;716-682-9114;717-681-0185,1532,1649,1915,2283,2572,3057,3323,4391,4538,4678,5064,5250,6392,7068,8684,9353and9398;717-682-0509,1528,5350,5565,7475,8559and9041;718-681-0276,0448,1475,1645,1692,2969,3454,3495,4182,5174and6498;718-682-0903,3446,6841,6916and7829"
2017-09-27,17SN0826,Approved,TRUE,730-674-Partof6423
2017-09-27,17SN0829,Approved,FALSE,784-681-9852and785-681-1462
2017-09-27,17SN0573,Approved,FALSE,743-708-0983
2017-10-25,17SN0515,Deferred,FALSE,730-663-3520
2017-10-25,17SN0827,Deferred,TRUE,791-636-4209
2017-10-25,17SN0828,Deferred,TRUE,792-633-4486
2017-10-25,18SN0519,Deferred,FALSE,"769-662-7458;770-662-1443,1615,3320and3511"
2017-10-25,17SN0798,Approved,FALSE,780-618-7294;and780-619-6300and6662
2017-10-25,17SN0815,Approved,FALSE,781-651-7806and9057
2017-10-25,17SN0816,Approved,FALSE,762-700-4422
2017-10-25,17SN0821,Approved,FALSE,699-689-9908;701-689-2601and3491
2017-10-25,18SN0500,Approved,FALSE,781-653-4792
2017-10-25,18SN0509,Approved,TRUE,709-683-2119
2017-10-25,18SN0516,Approved,FALSE,773-676-0229
2017-10-25,18SN0521,Approved,FALSE,796-668-9894and796-669-9506
2017-10-25,18SN0528,Approved,FALSE,735-717-1405
2017-11-15,18SN0519,Deferred,FALSE,"769-662-7458;770-662-1443,1615,3320and3511"
2017-11-15,16SN0591,Approved,FALSE,731-685-8002and732-685-4864
2017-11-15,17SN0820,Approved,FALSE,"706-683-7991;706-685-3851;707-684-2428,3359,4024,4073,4440,4750,5122,5639,6123,6739,7023,7080,7158,8514,8633,9211;707-685-2535,3747,4632,5338,8583;708-683-4178and4795;708-684-0204,0263,1618,1946,2236,2327,3210,3802;708-685-1535,1821,and1922;711-684-2838"
2017-11-15,17SN0820,Approved,FALSE,"728-627-4598and9068;728-628-7504;729-628-4733,6993,7850and9017;729-629-6208,9181;730-621-7498and9487;730-622-2569,4133,5814and6599;730-626-6690;730-627-4329;730-628-0760and0807;730-629-3107,3427,5876and7688;730-631-6820;731-621-1572,4778and7494;731-622-1353,3744,5948and9613;731-623-0881and7418;731-624-5192and9770;731-625-8007;731-627-1373and4897;732-623-0229,1536and3456;732-624-1967;732-629-7586;732-630-8839and8995;732-631-9520;733-624-1157;733-625-3045;733-626-0252;733-631-1920;734-624-2178;734-625-2553;736-624-1977,7504and8542;737-624-5558;737-626-0331;738-627-8466;739-627-0517"
2017-11-15,17SN0825,Deferred,TRUE,815-649-7366
2017-11-15,18SN0526,Approved,FALSE,737-678-1671and8211;737-679-1634;and738-679-Partof2769
2017-11-15,18SN0532,Approved,FALSE,743-684-7608
2017-11-15,18SN0533,Approved,FALSE,790-685-8378and8758
2017-11-15,18SN0544,Approved,FALSE,734-683-9441;735-681-5954;735-684-6406;and7967;735-685-5303;736-683-3056;736-685-1540;and2144;737-682-9762;and737-683-2003
2017-11-15,18SN0574,Approved,FALSE,792-639-2338
2017-11-15,17SN0784,Approved,FALSE,745-710-3080
2017-11-15,18SN0508,Approved,TRUE,"776-652-0051,1462,2477,3293and6427;and777-652-2272"
2017-11-15,18SN0510,Approved,FALSE,817-655-2577
2017-11-15,18SN0518,Approved,FALSE,726-727-7128
2017-12-13,18SN0531,,FALSE,766-676-4992
2017-12-13,17SN0515,,FALSE,730-663-3520
2017-12-13,18RW0147,Deferred,FALSE,#735-725-6651
2017-12-13,17SN0825,Approved,TRUE,815-649-7366
2017-12-13,18SN0534,Approved,TRUE,811-648-8048;812-648-1287;and812-649-0346and6432
2017-12-13,18SN0535,Approved,FALSE,752-697-7007
2017-12-13,18SN0582,Approved,FALSE,774-639-9670
2017-12-13,18SN0595,Approved,FALSE,715-711-0031
2017-12-13,18SN0596,Approved,TRUE,740-679-9746and741-679-1173
2017-12-13,17SN0598,Approved,TRUE,"758-628-6726,760-628-2105and760-629-3608"
2017-12-13,18SN0581,Approved,FALSE,797-655-6717
2014-06-25,14SN0554,Deferred,FALSE,7996617476
2014-06-25,14HP0147,Approved,FALSE,786-664-6124
2014-06-25,14RW0207,Approved,FALSE,#760-675-4351
2014-06-25,14SN0566,Approved,FALSE,807-653-4067
2014-06-25,14SN0568,Approved,FALSE,755-686-9399
2014-06-25,14SN0569,Approved,TRUE,774-681-6212and8720
2014-06-25,14SN0570,Approved,FALSE,785-670-Partof7367;786-669-0085;786-670-4173and4249
2014-06-25,13SN0527,Approved,TRUE,"775-686-5943,8044,8720and9744;776-686-1206,1722and1746"
2014-06-25,14SN0571,Approved,FALSE,741-665-3042
2014-06-25,14SN0572,Deferred,FALSE,716-697-3404
2014-07-23,12SN0227,Deferred,FALSE,"823-659-3856,6573and9483;and824-659-2386,5689and8890"
2014-07-23,14SN0573,Approved,FALSE,"717-681-3039,6767and8129;717-682-6832;718-681-3676;and718-682-3148"
2014-07-23,14SN0578,Approved,FALSE,717-714-5888;718-713-4861;and718-714-0248
2014-07-23,13SN0125,Denied,FALSE,"746-699-8830;and747-699-0744,1248,1750,2453,3040and4454"
2014-07-23,14SN0572,Approved,FALSE,716-697-3404
2014-07-23,14SN0575,Approved,FALSE,815-652-7510
2014-07-23,14SN0576,Approved,FALSE,814-652-8334
2014-09-17,14SN0584,Approved,FALSE,7427070663
2014-09-17,14SN0586,Approved,FALSE,7766851845
2014-09-17,14SN0588,Approved,TRUE,7916568037
2014-09-17,14SN0589,Approved,FALSE,8036559612
2014-09-17,14SN0574,Approved,FALSE,756-690-Partof3839-00001and3839-00002
2014-09-17,14SN0585,Approved,FALSE,7766200177
2015-01-28,15SN0117,Approved,FALSE,792-676-3347
2015-01-28,15SN0122,Approved,FALSE,796-675-4921
2015-01-28,15SN0562,Approved,TRUE,755-690-9053and756-690-0292
2015-01-28,15SN0600,Approved,FALSE,735-668-8457;736-668-2699;and736-669-3468
2015-01-28,15SN0610,Approved,TRUE,795-629-4576
2015-01-28,15SN0535,Approved,FALSE,795-654-5864
2015-01-28,15SN0518,Approved,FALSE,764-690-6673
2015-01-28,15SN0596,Approved,FALSE,794-665-8176and794-666-6719
2015-01-28,15SN0596,Approved,FALSE,"822-661-3043,4694,4969,5346,9039,9171&9416;822-662-5422,7709,7732&8838;823-660-1465&2793;823-661-0132,0310,0653,1195,2713,2779,3490,5194,7485,7597&7971;823-662-0923,5888,7911,8124&9432;824-661-0060,0183,1365,1492,3482,4392&Ptof4626;824-662-0210,0424,1480,2105,2538,2663,2686,3717,3991,4065,4955,5678,6468,6957,7345&8086;824-663-2711,4117,6027,7202,7331&8408;825-660-9979;825-661-6811;825-662-6584,7258,7891&9097;825-663-0139,1214&7439;826-661-8420;826-662-0976,2377,3575,4772,5664,5899&6770;&826-663-0301,1603,3002&4301"
2015-02-11,15SN0559,Deferred,FALSE,813-639-Partof2566and815-639-1193
2015-02-11,15SN0604,Approved,FALSE,775-614-Partof8471
2015-02-11,15SN0605,Approved,FALSE,755-715-2373
2015-02-11,15SN0608,Approved,FALSE,752-713-Partof1011
2015-02-11,15SN0593,Approved,FALSE,802-659-1030
2015-03-11,15SN0612,Deferred,FALSE,"792-655-1850,2841and3953"
2015-03-11,15SN0609,Approved,FALSE,797-677-4473
2015-03-11,15SN0614,Approved,FALSE,805-653-3722and7422
2015-03-11,15SN0615,Approved,FALSE,770-683-0899
2015-03-11,15SN0606,Approved,TRUE,774-658-1727
2015-03-11,15SN0613,Approved,FALSE,743-721-Partof2921
2015-04-29,15SN0618,Deferred,FALSE,799-629-0432and1049
2015-04-29,15SN0612,Approved,FALSE,"792-655-1850,2841and3953"
2015-04-29,15SN0620,Approved,FALSE,770-690-6733
2015-04-29,15SN0622,Approved,FALSE,"760-705-0361,0545and1965"
2015-04-29,15SN0624,Approved,FALSE,"793-656-7618,8532,and9037;and794-656-0123and0200"
2015-05-27,09SN0141,,TRUE,762-678-Partof4600
2015-05-27,15SN0618,Deferred,FALSE,799-629-0432and1049
2015-05-27,14SN0508,Deferred,FALSE,786-660-5178
2015-05-27,15SN0149,Approved,FALSE,788-677-6297and6194;and788-678-6201
2015-05-27,15SN0611,Approved,FALSE,765-670-Partof6637
2015-05-27,15SN0621,Approved,TRUE,764-608-3499
2015-05-27,15SN0623,Approved,FALSE,798-660-8059
2015-05-27,15SN0625,Approved,FALSE,785-685-1292
2015-05-27,15SN0627,Approved,TRUE,741-682-9068
2015-05-27,15SN0628,Approved,FALSE,"717-716-5691,6281,6673,6860,7449,7938,8190,8227,8415,9085and9676;717-717-0781,4025,4410,5001,6522,7210,8312and9608;718-715-0071and0888;718-716-0245,0365,0922,1301,1355,1591,1811,2029,2281,2838,2973and3449;and718-717-0602"
2015-05-27,15SN0616,Approved,FALSE,820-643-1987
2015-05-27,15SN0629,Approved,FALSE,745-718-Partof7019
2015-06-24,15SN0630,Approved,FALSE,775-662-1408
2015-06-24,15SN0633,Approved,FALSE,750-710-1623
2015-06-24,15SN0635,Approved,FALSE,744-634-9248and745-634-5436
2015-06-24,15SN0649,Approved,FALSE,750-715-1657
2015-06-24,15SN0641,Approved,FALSE,708-674-0623
2015-06-24,15SN0626,Deferred,FALSE,724-672-7670and8479;724-673-6017
2015-06-24,15SN0632,Deferred,FALSE,"794-657-7210,8115and8920"
2015-07-22,13SN0132,Deferred,FALSE,771-676-6355;771-678-2064;772-676-1177and2999;and772-677-3568
2015-07-22,15HP0145,Deferred,FALSE,780-688-6823
2015-07-22,15SN0626,Approved,FALSE,724-672-7670and8479;724-673-6017
2015-07-22,15SN0162,Approved,FALSE,793-666-8706
2015-07-22,15SN0619,Approved,FALSE,762-705-8571
2015-07-22,15SN0637,Approved,FALSE,796-611-6716
2015-07-22,15SN0638,Approved,FALSE,797-611-8599
2015-07-22,15SN0639,Approved,FALSE,795-611-6171
2015-07-22,15SN0640,Approved,FALSE,795-613-2631
2015-07-22,15SN0642,Approved,FALSE,747-678-4694
2015-07-22,15SN0643,Approved,TRUE,773-657-Partof4168-00001
2015-07-22,15SN0645,Approved,FALSE,725-716-Partof8682
2015-07-22,15SN0662,Approved,FALSE,781-684-2658
2015-07-22,15SN0668,Approved,FALSE,755-708-6764
2015-07-22,15SN0646,Approved,FALSE,"716-710-0330-00001and00002,1940and2314"
2015-07-22,15SN0650,Approved,TRUE,"792-678-1855,2756,3614,3859,4762,5018,5765,6322,6667,7626,7770,8673,9532;and793-678-0077"
2015-07-22,15SN0631,Denied,FALSE,780-688-6823
2015-08-26,15SN0618,Deferred,FALSE,799-629-0432and1049
2015-08-26,15SN0167,Deferred,FALSE,796-635-1818
2015-08-26,15SN0634,Deferred,FALSE,726-707-Partof3592
2015-08-26,15RW0231,Approved,FALSE,#725-679-5088
2015-08-26,15SN0654,Approved,FALSE,741-709-1430and741-711-0904
2015-08-26,15SN0659,Approved,FALSE,800-644-3883
2015-08-26,15SN0660,Approved,TRUE,707-698-Partof7357and708-697-Partof2718
2015-08-26,15SN0663,Approved,TRUE,785-651-Partof1484
2015-08-26,15SN0666,Approved,TRUE,723-709-1226and3529
2015-08-26,15SN0652,Approved,TRUE,709-712-Partof8039;710-713-3304;711-712-3380;711-713-3010;712-712-2485and4599
2015-08-26,15SN0655,Approved,FALSE,722-663-7221
2015-08-26,15SN0664,Approved,FALSE,761-702-9265
2015-08-26,15SN0559,Approved,FALSE,813-639-Partof2566and815-639-1193
2015-08-26,15SN0665,Deferred,TRUE,769-663-Partof9114
2015-09-16,13SN0132,Deferred,FALSE,771-676-6355;771-678-2064;772-676-1177and2999;and772-677-3568
2015-09-16,15SN0607,Approved,TRUE,799-645-1518
2015-09-16,15SN0636,Approved,TRUE,725-708-Partof9743
2015-09-16,15SN0651,Approved,FALSE,767-695-5368
2015-09-16,15SN0667,Approved,FALSE,750-707-3286
2015-09-16,13SN0110,Approved,TRUE,"717-669-2537;and717-670-1030,1751,2877and8050"
2015-09-16,15SN0602,Approved,FALSE,"804-637-4161,5690and7907;804-638-3807,7102,9415and9918;805-636-0948;805-637-0272and3003"
2015-09-16,15SN0669,Deferred,FALSE,761-703-2752
2015-09-16,15SN0670,Denied,FALSE,765-698-9518
2015-09-16,15SN0167,Denied,FALSE,796-635-1818
2015-09-16,15SN0634,Deferred,FALSE,726-707-Partof3592
2015-10-28,15SN0669,Approved,FALSE,761-703-2752
2015-10-28,15SN0634,Deferred,FALSE,726-707-Partof3592
2015-10-28,16SN0517,,FALSE,758-696-3777
2015-10-28,15SN0672,Approved,FALSE,751-704-7512
2015-10-28,16SN0503,Approved,FALSE,805-649-8125
2015-10-28,16SN0513,Approved,FALSE,824-648-6539and826-648-3681
2015-10-28,16SN0536,Approved,FALSE,745-713-1972
2015-10-28,16SN0546,Approved,FALSE,744-719-3011
2015-10-28,16SN0504,Approved,FALSE,717-714-5888;718-713-4861;and718-714-0248
2015-10-28,15SN0657,Approved,TRUE,740-697-6972;741-697-2669and3625
2015-10-28,15SN0665,Denied,TRUE,769-663-Partof9114
2015-10-28,16SN0542,Deferred,FALSE,734-717-9054and735-717-1268and2943
2015-11-18,15SN0634,Deferred,FALSE,726-707-Partof3592
2015-11-18,16CW0148,Deferred,FALSE,811-661-4268
2015-11-18,15SN0671,Approved,FALSE,729-708-2499
2015-11-18,16SN0108,Approved,FALSE,796-660-7512
2015-11-18,16SN0543,Approved,FALSE,827-659-9866
2015-11-18,16SN0547,Approved,FALSE,"795-611-7196,7592,7987,8283,8679,9075,9270,and9466;and796-611-0464,0858and1053"
2015-11-18,16SN0549,Approved,FALSE,784-660-2598and784-661-5125
2015-11-18,15SN0673,Approved,FALSE,785-685-0473
2015-11-18,16SN0553,Approved,TRUE,799-649-4291
2015-11-18,16SN0542,Approved,FALSE,734-717-9054and735-717-1268and2943
2015-11-18,16SN0537,Approved,TRUE,775-682-2797and8199;775-683-7226and8309
2015-11-18,16SN0552,Approved,TRUE,797-656-3684and797-657-2314
2015-12-16,15SN0656,Deferred,TRUE,"724-709-1313,2311,2528,4210,5831,6911,9121;725-709-1125,2064and7635"
2015-12-16,15SN0647,Deferred,FALSE,802-665-4390;805-662-7764;805-666-2525;806-662-8465;806-664-8063;807-660-1776;and811-660-3332
2015-12-16,16CW0148,Approved,FALSE,811-661-4268
2015-12-16,16SN0517,Approved,FALSE,758-696-3777
2015-12-16,16SN0556,Approved,FALSE,788-688-8283
2015-12-16,16SN0567,Approved,FALSE,"788-655-8553,8854and9964"
2015-12-16,16SN0555,Approved,FALSE,726-658-5913
2015-12-16,16SN0560,Approved,FALSE,805-638-4331
2015-12-16,15SN0634,Approved,FALSE,726-707-Partof3592
2016-04-27,13SN0132,,FALSE,"770-677-2778,4773and9777;770-678-8131;771-676-9014;771-677-1194,1299,1474,1896,2275,2368,2674and2766;771-678-1303and1900;772-676-2999;and772-677-3568"
2016-04-27,16HP0130,Approved,FALSE,786-663-2179
2016-04-27,15SN0159,Approved,FALSE,829-641-3577
2016-04-27,15SN0618,Approved,FALSE,799-629-0432and1049
2016-04-27,16SN0680,Approved,TRUE,773-656-2577;773-657-Partof4168-00001and5505
2016-04-27,16SN0137,Approved,FALSE,"788-677-6426,6819and7320"
2016-04-27,16SN0588,Approved,FALSE,"724-710-8357;725-710-2863,3169,3172,3267,3361,3364,3459,3554,3557,3593,3652,3749,3993,4235,4467,5395,5591,5687,5784,5880,5976,6072,6168,6264,6360,6456,6553,6748,7045and8357;and725-711-3400"
2016-04-27,16SN0676,Deferred,FALSE,758-617-3730
2016-04-27,16SN0682,Approved,FALSE,788-658-6842
2016-04-27,16SN0687,Approved,FALSE,686-664-5394
2016-04-27,16SN0674,Approved,FALSE,800-632-3167and3880
2016-04-27,16SN0678,Approved,FALSE,756-701-2981
2016-04-27,16SN0683,Approved,FALSE,792-662-2758
2016-05-25,16SN0138,Deferred,FALSE,789-676-2598
2016-05-25,16SN0140,Approved,FALSE,796-612-8206
2016-05-25,16SN0569,Approved,TRUE,747-685-5175
2016-05-25,16SN0676,Approved,FALSE,758-617-3730
2016-05-25,16SN0689,Approved,FALSE,"818-654-1594,5193and7468;818-655-3604and5421;and819-654-0582"
2016-05-25,16SN0692,Approved,TRUE,721-709-7721and722-709-0435
2016-05-25,16SN0693,Approved,FALSE,722-721-7869
2016-05-25,16SN0700,Approved,TRUE,755-719-6765
2016-06-22,16SN0704,Deferred,TRUE,"731-689-5633,Partof731-691-3176,732-688-0178and732-689-5376"
2016-06-22,16SN0565,Approved,FALSE,738-682-Partof8258
2016-06-22,16SN0690,Approved,FALSE,706-688-6608
2016-06-22,16SN0696,Approved,TRUE,755-719-5367
2016-06-22,16SN0699,Approved,FALSE,733-679-4557
2016-06-22,16SN0702,Approved,FALSE,730-646-3161and7188and731-646-0033
2016-06-22,16SN0705,Approved,TRUE,828-641-7797
2016-06-22,16SN0719,Approved,FALSE,799-655-4194;799-657-3802;799-658-partof6575and800-656-5991
2016-06-22,16SN0727,Approved,FALSE,723-693-7960;723-694-3851and9176
2016-06-22,16SN0701,Approved,FALSE,744-703-Partof7882andPartof9576;and745-703-3669
2016-06-22,16SN0703,Approved,TRUE,"816-652-0562,1560,2559,3658and4655"
2016-07-27,16SN0706,Approved,FALSE,778-661-6379
2016-07-27,16SN0708,Approved,FALSE,744-709-Partof1952
2016-07-27,16SN0709,Approved,FALSE,761-685-8804
2016-07-27,16SN0711,Approved,FALSE,743-708-0983
2016-07-27,16SN0713,Approved,TRUE,805-637-5251
2016-07-27,16SN0716,Approved,TRUE,742-713-2890and4177
2016-07-27,16SN0675,Approved,FALSE,806-653-1868and4471
2016-07-27,16SN0707,Approved,FALSE,737-717-1329and3242
2016-08-24,16SN0704,Deferred,TRUE,"731-689-5633,Partof731-691-3176,732-688-0178and732-689-5376"
2016-08-24,16SN0710,Approved,FALSE,685-662Partof3606
2016-08-24,16SN0720,Deferred,FALSE,829-644-Partof2688
2016-08-24,16SN0721,Approved,TRUE,767-623-3921
2016-08-24,16SN0723,Approved,FALSE,783-677-0728
2016-08-24,16SN0509,Approved,FALSE,777-688-5927
2016-08-24,16SN0138,Approved,FALSE,789-676-2598
2016-08-24,16SN0581,Approved,TRUE,762-700-4422
2016-08-24,16SN0685,Approved,TRUE,780-652-1685and2380
2016-08-24,16SN0725,Approved,FALSE,721-671-5012
2016-09-28,16SN0704,Deferred,TRUE,"731-689-5633,Partof731-691-3176,732-688-0178and732-689-5376"
2016-09-28,16SN0720,Approved,FALSE,829-644-Partof2688
2016-09-28,16SN0712,Approved,TRUE,752-705-2726and3446
2016-09-28,16SN0728,Approved,FALSE,759-701-7968
2016-09-28,16SN0729,Approved,FALSE,739-681-2603
2016-09-28,16SN0730,Approved,FALSE,744-668-8930
2016-09-28,16SN0731,Approved,FALSE,759-694-3145
2016-09-28,16SN0732,Approved,FALSE,721-709-7721and722-709-0435
2016-09-28,17SN0533,Approved,FALSE,828-641-9514and9527
2016-10-26,16SN0717,Denied,FALSE,780-691-0623
2016-10-26,16SN0724,Approved,FALSE,750-701Partof8674
2016-10-26,16SN0733,Approved,FALSE,"793-667-3472,3958,4349,4739,5030,5487,6269and7050"
2016-10-26,16SN0734,Approved,FALSE,740-642-8670
2016-10-26,17SN0500,Approved,FALSE,734-712-5839
2016-10-26,17SN0514,Approved,FALSE,726-708-3588
2016-10-26,17SN0544,Approved,FALSE,741-682-5835
2016-11-16,16SN0735,Approved,FALSE,740-695-2604
2016-11-16,17SN0538,Approved,FALSE,744-671-1850
2016-11-16,17SN0541,Approved,FALSE,795-611-4933
2016-11-16,17SN0563,Approved,FALSE,744-693-9559
2016-11-16,17SN0585,Approved,TRUE,765-675-1390;3076and5843
